CO_UNIDADE,CO_CNES,NO_FANTASIA,NO_RAZAO_SOCIAL,CRITERIO_SELECAO,ENDERECO,NO_BAIRRO,CO_CEP,NO_MUNICIPIO,CO_MUNICIPIO_GESTOR,NU_TELEFONE,NO_EMAIL,LAT,LON,CO_NATUREZA_JUR,TP_GESTAO,CO_TIPO_ESTABELECIMENTO,CO_ATIVIDADE_PRINCIPAL,"TO_CHAR(DT_ATUALIZACAO,'DD/MM/YYYY')"
3300107354746,7354746,HOSPITAL MUNICIPAL DA JAPUIBA HMJ,FUNDACAO HOSPITALAR JORGE ELIAS MIGUEL,nome Hospital Municipal,"RUA JAPORANGA, 1700, JAPUIBA - CEP 23934055",JAPUIBA,23934055,ANGRA DOS REIS,330010,24 33686556,HGJ.dtec@angra.rj.gov.br,-22.96817,-44.30036,1155,M,006,001,10/04/2026
3300152267454,2267454,HOSPITAL MUNICIPAL AUGUSTINHO GESUALD BLANC,MUNICIPIO DE APERIBE,nome Hospital Municipal + tipo hospital/natureza Municipio,"RUA ANTONIO JOSE MOREIRA, 359, SAO VICENTE DE PAULA - CEP 28495000",SAO VICENTE DE PAULA,28495000,APERIBE,330015,2238641710,saude.aperibe@bol.com.br,-21.621327014265688,-42.108728885650635,1244,M,006,009,05/03/2026
3300200221015,0221015,HOSPITAL MUNICIPAL DR JAQUELINE PRATES CNPJ 31 135 0460001 4,HOSPITAL MUNICIPAL DRA JAQUELINE PRATES,nome Hospital Municipal,"MAJOR FELIX MOREIRA, 267, CENTRO - CEP 28979102",CENTRO,28979102,ARARUAMA,330020,22 97402349,sesau01@gmail.com,-22.8740661,-42.3355732,1031,M,006,007,24/02/2026
3300202285150,2285150,HOSPITAL MUNICIPAL PREFEITO ARMANDO DA SILVA CARVALHO,SECRETARIA MUNICIPAL DE SAUDE DE ARARUAMA,nome Hospital Municipal,"RUA DR JOAO FLORENCIO SOBRINHO, S/N, SAO VICENTE DE PAULO - CEP 28988892",SAO VICENTE DE PAULO,28988892,ARARUAMA,330020,(22)26661238,,-22.872260683632845,-42.34323978424072,1031,M,006,009,03/02/2026
3300222285975,2285975,HOSPITAL MUNICIPAL NOSSA SENHORA DAS DORES,HOSPITAL MUNICIPAL NOSSA SENHORA DAS DORES,nome Hospital Municipal + tipo hospital/natureza Municipio,"AV PRES VARGAS, 250, CENTRO - CEP 25845000",CENTRO,25845000,AREAL,330022,(24)22579702,hmnsdareal@gmail.com,-22.229978963522584,-43.10259242883515,1244,M,006,009,18/09/2025
3300236200702,6200702,HOSPITAL MUNICIPAL DR RODOLPHO PERISSE,PREFEITURA MUNICIPAL DE ARMACAO DOS BUZIOS,nome Hospital Municipal,"ESTRADA DOS BUZIOS, S/N, HOSPITAL, SAO JOSE - CEP 28958580",SAO JOSE,28958580,ARMACAO DOS BUZIOS,330023,2226237622,saudebuzios@gmail.com,-22.774737229509423,-41.93082332611084,1031,M,006,009,03/03/2026
3300405916313,5916313,HOSPITAL MUNICIPAL DO OLHO,HOSPITAL MUNICIPAL DO OLHO,nome Hospital Municipal + tipo hospital/natureza Municipio,"RUA TENENTE JOSE EDUARDO, 200, ANEXO, ANO BOM - CEP 27323240",ANO BOM,27323240,BARRA MANSA,330040,,,-22.545438575088916,-44.17222738265991,1244,M,006,009,12/11/2025
3300452969734,2969734,HOSPITAL INFANTIL MILENE ISABELY CHRISTOVAM,MUNICIPIO DE BELFORD ROXO,tipo hospital + natureza Municipio,"AVENIDA JOAQUIM DA COSTA LIMA, S/N, PQ FERREIRAS - CEP 26116200",PQ FERREIRAS,26116200,BELFORD ROXO,330045,,,-22.73171,-43.35362,1244,M,006,009,30/03/2026
3300452289571,2289571,HOSPITAL MUNICIPAL DE BELFORD ROXO,SMS BELFORD ROXO,nome Hospital Municipal + tipo hospital/natureza Municipio,"AVENIDA RETIRO DA IMPRENSA, 1013, VILA MEDEIROS - CEP 26112180",VILA MEDEIROS,26112180,BELFORD ROXO,330045,(21)26621660,,-22.749984323954173,-43.40430021286011,1244,M,006,009,30/03/2026
3300455886740,5886740,MATERNIDADE MUNICIPAL DE BELFORD ROXO,MUNICIPIO DE BELFORD ROXO,tipo hospital + natureza Municipio,"AVENIDA BENJAMIN PINTO DIAS, S/N, CENTRO - CEP 26116200",CENTRO,26116200,BELFORD ROXO,330045,,,-22.7717459,-43.393851,1244,M,006,009,31/03/2026
3300456035809,6035809,UPA 24H BOM PASTOR BELFORD ROXO,SMS BELFORD ROXO,tipo hospital + natureza Municipio,"RUA NEIDE SIMAO, 435, BOM PASTOR - CEP 26113300",BOM PASTOR,26113300,BELFORD ROXO,330045,20709119,upa6_belfordroxo@saude.rj.gov.,-22.764171789927868,-43.39827060699463,1244,M,006,007,30/03/2026
3300705903394,5903394,HOSPITAL MUNICIPAL DA MULHER EM CABO FRIO,HOSPITAL MUNICIPAL DA MULHER EM CABO FRIO,nome Hospital Municipal,"FLORISBELA PENA, S/N, BRAGA - CEP 28908050",BRAGA,28908050,CABO FRIO,330070,22 26462506,CONTABILIDADE_SAUDE@CABOFRIO.RJ.GOV.BR,-22.89252396939545,-42.03137397766113,1031,M,006,009,28/01/2026
3300702278138,2278138,HOSPITAL MUNICIPAL OTIME CARDOSO DOS SANTOS,SECRETARIA MUNICIPAL DE SAUDE DE CABO FRIO,nome Hospital Municipal,"EST VELHA DE BUZIOS, S/N, JD ESPERANCA - CEP 28922270",JD ESPERANCA,28922270,CABO FRIO,330070,(24)26299257,,-22.84188974893186,-42.025564312934875,1031,M,006,001,16/09/2025
3300802696924,2696924,HOSPITAL MUNICIPAL DR CELSO MARTINS,SMSDC DE CACHOEIRAS DE MACACU,nome Hospital Municipal,"RUA PREFEITO JOSE DA SILVA, 177, CAMPO DO PRADO - CEP 28681300",CAMPO DO PRADO,28681300,CACHOEIRAS DE MACACU,330080,(21)26492006,faturamentohmcm@gmail.com,-22.461147651243007,-42.65408635139465,1031,M,006,009,08/04/2026
3300902283794,2283794,HOSPITAL MUNICIPAL MOACYR GOMES DE AZEVEDO,SECRETARIA MUNICIPAL DE SAUDE DE CAMBUCI,nome Hospital Municipal + tipo hospital/natureza Municipio,"RUA SETE DE SETEMBRO, 06, CENTRO - CEP 28430000",CENTRO,28430000,CAMBUCI,330090,2227675001,,-21.57745493612733,-41.9112753868103,1244,M,006,007,02/10/2025
3301302280396,2280396,HOSPITAL MUNICIPAL ANGELA MARIA SIMOES MENEZES,HOSPITAL MUNICIPAL ANGELA MARIA SIMOES MENEZES,nome Hospital Municipal + tipo hospital/natureza Municipio,"RUA PASTOR LUIZ LAURENTINO, 1292, SANTA ELY - CEP 28860000",SANTA ELY,28860000,CASIMIRO DE ABREU,330130,2227784440,faturamento.hmca@gmail.com,-22.49174417390376,-42.20088151854185,1244,M,006,007,06/03/2026
3301402290073,2290073,HOSPITAL MUNICIPAL ANA MOREIRA,SECRETARIA MUNICIPAL DE SAUDE DE CONCEICAO DE MACABU,nome Hospital Municipal + tipo hospital/natureza Municipio,"RUA ROSENDO FONTES TAVARES, 199, PREDIO, BOCAINA - CEP 28740000",BOCAINA,28740000,CONCEICAO DE MACABU,330140,2227792486,semsa@conceicaodemacabu.rj.gov.br,-22.089700980773152,-41.86716377735138,1244,M,006,009,10/04/2026
3301509491619,9491619,HOSPITAL DE CORDEIRO,MUNICIPIO DE CORDEIRO,tipo hospital + natureza Municipio,"RUA ABEL VENTURA RIBEIRO DE MORAES, 361, CENTRO - CEP 28540000",CENTRO,28540000,CORDEIRO,330150,,,-22.029059,-42.361035,1244,M,006,009,06/04/2026
3301602267810,2267810,HOSPITAL MUNICIPAL DR ANTONIO CARLOS DA SILVA MONNERAT,SECRETARIA MUNICIPAL DE SAUDE DE DUAS BARRAS,nome Hospital Municipal + tipo hospital/natureza Municipio,"AV GETULIO VARGAS, 199, CENTRO - CEP 28650000",CENTRO,28650000,DUAS BARRAS,330160,2225341177,,-22.051449,-42.522561,1244,M,006,009,01/03/2026
3301709193723,9193723,HMODC,HOSPITAL MUNICIPAL DO OLHO DE DUQUE DE CAXIAS,nome Hospital Municipal,"RUA DOUTOR LAUREANO, 1145, DOUTOR LAUREANO - CEP 25060198",DOUTOR LAUREANO,25060198,DUQUE DE CAXIAS,330170,,,-22.7695951,-43.2992929,1031,M,006,009,25/03/2026
3301702277751,2277751,HOSPITAL INFANTIL ISMELIA SILVEIRA,MUNICIPIO DE DUQUE DE CAXIAS,tipo hospital + natureza Municipio,"RUA DA REPUBLICA, S/N, CENTRO - CEP 25011090",CENTRO,25011090,DUQUE DE CAXIAS,330170,(31)27712808,,-22.793254685613025,-43.305727610012596,1244,M,006,009,25/03/2026
3301702290227,2290227,HOSPITAL MUNICIPAL ADAO PEREIRA NUNES,MUNICIPIO DE DUQUE DE CAXIAS,nome Hospital Municipal + tipo hospital/natureza Municipio,"ROD WASHINGTON LUIZ, S/N, BR 040 KM 109, JD PRIMAVERA - CEP 25225015",JD PRIMAVERA,25225015,DUQUE DE CAXIAS,330170,2127775258,direcao.hmapn@duquedecaxias.rj.gov.br,-22.6729752,-43.2836708,1244,M,006,009,24/03/2026
3301704832256,4832256,HOSPITAL MUNICIPAL DO CORACAO SAO JOSE,SECRETARIA MUNICIPAL DE SAUDE DE DUQUE DE CAXIAS,nome Hospital Municipal,"RUA NOBRE DE LACERDA, 111, VILA FLAVIA - CEP 25010260",VILA FLAVIA,25010260,DUQUE DE CAXIAS,330170,,,-22.789377553691963,-43.31536634642715,1031,M,006,009,03/03/2026
3301700978213,0978213,HOSPITAL MUNICIPAL INFANTIL PADRE GUILHERME,MUNICIPIO DE DUQUE DE CAXIAS,nome Hospital Municipal + tipo hospital/natureza Municipio,"RUA EVARISTO DE MORAIS, S/N, VILA BERNADETE - CEP 25272560",VILA BERNADETE,25272560,DUQUE DE CAXIAS,330170,,cnes.hmpg@gmail.com,-22.61657251923545,-43.20353116559504,1244,M,006,009,06/02/2026
3301706007317,6007317,HOSPITAL MUNICIPAL MOACYR RODRIGUES DO CARMO,SECRETARIA MUNICIPAL DE SAUDE DE DUQUE DE CAXIAS,nome Hospital Municipal,"ROD WASHINGTON LUIS, 3200, VILA SAO LUIZ - CEP 25085009",VILA SAO LUIZ,25085009,DUQUE DE CAXIAS,330170,26721090 26723857,cnes.hmmrc.upa@gmail.com,-22.783638799592353,-43.28406254240659,1031,M,006,009,01/04/2026
3301700155055,0155055,MATERNIDADE SANTA CRUZ DA SERRA,MUNICIPIO DE DUQUE DE CAXIAS,tipo hospital + natureza Municipio,"AV AUTOMOVEL CLUBE, 275, SANTA CRUZ DA SERRA - CEP 25272405",SANTA CRUZ DA SERRA,25272405,DUQUE DE CAXIAS,330170,,rh.maternidade.stserra@gmail.com,-22.642154,-43.279992,1244,M,006,009,20/03/2026
3301707588577,7588577,POLICLINICA HOSPITAL DUQUE DE CAXIAS,MUNICIPIO DE DUQUE DE CAXIAS,tipo hospital + natureza Municipio,"RUA DR MANOEL LUCAS, S/N, SENHOR DO BONFIM - CEP 25025330",SENHOR DO BONFIM,25025330,DUQUE DE CAXIAS,330170,,,-22.78049445623406,-43.315701484680176,1244,M,006,017,26/03/2026
3301856146376,6146376,HOSPITAL MUNICIPAL JOSE RABELLO DE MELLO,PREFEITURA MUNICIPAL DE GUAPIMIRIM,nome Hospital Municipal + tipo hospital/natureza Municipio,"RUA OSVALDO CRUZ, 0, BANANAL - CEP 25946497",BANANAL,25946497,GUAPIMIRIM,330185,2126323169,sms@guapimirim.rj.gov.br,-22.536402,-42.9822284,1244,M,006,009,24/02/2026
3301902268922,2268922,HOSPITAL MUNICIPAL DESEMBARGADOR LEAL JUNIOR HMDLJ,PREFEITURA MUNICIPAL DE ITABORAI,nome Hospital Municipal + tipo hospital/natureza Municipio,"ESTRADA PREFEITO ALVARO DE CARVALHO JUNIOR, S/N, NANCILANDIA - CEP 24801064",NANCILANDIA,24801064,ITABORAI,330190,(21)26458070,hmdlj@itaborai.rj.gov.br,-22.73762,-42.84888,1244,M,006,009,04/03/2026
3301900131237,0131237,HOSPITAL MUNICIPAL SAO JUDAS TADEU,PREFEITURA MUNICIPAL DE ITABORAI,nome Hospital Municipal + tipo hospital/natureza Municipio,"AV 22 DE MAIO, S/N, OUTEIRO DAS PEDRAS - CEP 24812222",OUTEIRO DAS PEDRAS,24812222,ITABORAI,330190,21 2645-4508,gabinete.saude@itaborai.rj.gov.br,-22.749529,-42.87333,1244,M,006,009,04/03/2026
3302002284634,2284634,HOSPITAL MUNICIPAL SAO FRANCISCO XAVIER,MUNICIPIO DE ITAGUAI,nome Hospital Municipal + tipo hospital/natureza Municipio,"RUA GENERAL BOCAIUVA, 16, CENTRO - CEP 23815310",CENTRO,23815310,ITAGUAI,330200,(21)26887844,sms.saude@itaguai.rj.gov.br,-22.0909,-43.0909,1244,M,006,007,02/04/2026
3302103470350,3470350,HOSPITAL MUNICIPAL DE ITAOCARA,MUNICIPIO DE ITAOCARA,nome Hospital Municipal + tipo hospital/natureza Municipio,"PRACA TOLEDO PIZZA, 151, CENTRO - CEP 28570000",CENTRO,28570000,ITAOCARA,330210,(22)38612250,hospital_hmi@hotmaill.com,-21.666261,-42.078896,1244,M,006,009,12/03/2026
3302252288230,2288230,HOSP MUNICIPAL MATERNIDADE DR MANOEL MARTINS DE BARROS,SECRETARIA MUNICIPAL DE SAUDE DE ITATIAIA,tipo hospital + natureza Municipio,"AV DOIS, 800, JD ITATIAIA - CEP 27580000",JD ITATIAIA,27580000,ITATIAIA,330225,(24) 3352-6850/1250,admhospitalmunicipalitatiaia@gmail.com,-22.4877908,-44.5750442,1244,M,006,009,10/04/2026
3302272281554,2281554,HMJ HOSPITAL MUNICIPAL DE JAPERI,MUNICIPIO DE JAPERI,nome Hospital Municipal + tipo hospital/natureza Municipio,"ESTRADA ARY SCHIAVO, S/N, SANTA INES - CEP 26440115",SANTA INES,26440115,JAPERI,330227,2126645878,policlinica@gmail.com,-22.645803994279042,-43.607361754228144,1244,M,006,009,05/03/2026
3302302290499,2290499,HOSPITAL MUNICIPAL DE LAJE DO MURIAE,HOSPITAL MUNICIPAL DE LAJE DO MURIAE,nome Hospital Municipal + tipo hospital/natureza Municipio,"RUA GERONCIO FERREIRA, 270, CENTRO - CEP 28350200",CENTRO,28350200,LAJE DO MURIAE,330230,2238292434,,-21.208887,-42.1193939,1244,M,006,007,28/11/2025
3302407655703,7655703,HOSPITAL PUBLICO MUNICIPAL DA SERRA HPMS,MUNICIPIO DE MACAE,tipo hospital + natureza Municipio,"RUA JOAO MANOEL DA SILVA, 600, TRAPICHE - CEP 27945000",TRAPICHE,27945000,MACAE,330240,(22) 2793-3914,assessoriahpms@gmail.com,-22.232162282929295,-42.01938986778259,1244,M,006,009,22/01/2026
3302405412447,5412447,HOSPITAL PUBLICO MUNICIPAL DE MACAE HPM,MUNICIPIO DE MACAE,tipo hospital + natureza Municipio,"ROD RJ 168, S/N, KM 04, VIRGEM SANTA - CEP 27910000",VIRGEM SANTA,27910000,MACAE,330240,2227730061,hpmm@pop.com.br,-22.37093209964088,-41.78692817687988,1244,M,006,009,08/12/2025
3302502278731,2278731,HOSPITAL DE MAUA DR MARIO PINHEIRO,MUNICIPIO DE MAGE,tipo hospital + natureza Municipio,"ESTRADA REAL DE MAUA, S/N, PRAIA DA ESPERANCA - CEP 25926586",PRAIA DA ESPERANCA,25926586,MAGE,330250,(21)6150025,,-22.7155543,-43.1811713,1244,M,006,009,17/03/2026
3302502278324,2278324,HOSPITAL MATERNO INFANTIL DE PIABETA VEREADOR HUGO BRAGA,MUNICIPIO DE MAGE,tipo hospital + natureza Municipio,"AVENIDA SANTOS DUMONT, 285, PIABETA INHOMIRIM - CEP 25931758",PIABETA INHOMIRIM,25931758,MAGE,330250,(21)2739-1289,,-22.6101408,-43.1808052,1244,M,006,009,08/04/2026
3302502278677,2278677,HOSPITAL MUNICIPAL DE FRAGOSO GENARINO COZZOLINO,MUNICIPIO DE MAGE,nome Hospital Municipal + tipo hospital/natureza Municipio,"AV AUTOMOVEL CLUB, S/N, KM 60, FRAGOSO - CEP 25935510",FRAGOSO,25935510,MAGE,330250,(21)26593236,,-22.6030585,-43.1898105,1244,M,006,009,17/03/2026
3302502278332,2278332,HOSPITAL MUNICIPAL DE MAGE,MUNICIPIO DE MAGE,nome Hospital Municipal + tipo hospital/natureza Municipio,"RUA PIO XII, 81, FIGUEIRA - CEP 25903587",FIGUEIRA,25903587,MAGE,330250,(21)26332358,,-22.6492179,-43.0325279,1244,M,006,009,10/04/2026
3302500103616,0103616,UNIDADE 24 HORAS DE SANTO ALEIXO,MUNICIPIO DE MAGE,tipo hospital + natureza Municipio,"AVENIDA OTHON LINCH BEZERRA DE MELLO, 329, ANT PRED CENTRO ADM, SANTO ALEIXO - CEP 25912206",SANTO ALEIXO,25912206,MAGE,330250,,,-22.56050002,-43.0532934,1244,M,006,009,17/03/2026
3302602288109,2288109,HOSPITAL MUNICIPAL VICTOR DE SOUZA BREVES,SECRETARIA MUNICIPAL DE SAUDE,nome Hospital Municipal + tipo hospital/natureza Municipio,"RUA NILO PECANHA, 85, CENTRO - CEP 23860000",CENTRO,23860000,MANGARATIBA,330260,(21)2789-9035,saude@mangaratiba.rj.gov.br,-22.961474,-44.0397305,1244,M,006,009,30/03/2026
3302709895124,9895124,ERNESTO CHE GUEVARA SMSM,HOSPITAL MUNICIPAL DR ERNESTO CHE GUEVARA,nome Hospital Municipal,"ROD ERNANI DO AMARAL PEIXOTO, 23269, QD GLD LT 2, SAO JOSE DO IMBASSAI - CEP 24931000",SAO JOSE DO IMBASSAI,24931000,MARICA,330270,21-26372667,ernestocheguevaramarica@gmail.com,-22.9272,-42.86904,1031,M,006,009,16/03/2026
3302702266733,2266733,HOSPITAL MUNICIPAL CONDE MODESTO LEAL,MUNICIPIO DE MARICA,nome Hospital Municipal,"RUA DOMICIO DA GAMA, 433, CENTRO - CEP 24900815",CENTRO,24900815,MARICA,330270,(21)26371713,superintendenciadesaudemarica@gmail.com,-22.9209381,-42.8177319,1120,M,006,009,24/11/2025
3302805057531,5057531,HOSPITAL MUNICIPAL SANTA MARIA,MUNICIPIO DE MENDES,nome Hospital Municipal + tipo hospital/natureza Municipio,"RUA CAPITAO MEXIAS, 112, CENTRO - CEP 26700000",CENTRO,26700000,MENDES,330280,2424652240,,-22.527145546985007,-43.73406171798706,1244,M,006,009,06/04/2026
3302804123069,4123069,SAO MARCELINO CHAMPAGNAT,MUNICIPIO DE MENDES,tipo hospital + natureza Municipio,"RJ127 KM30, S/N, GONZALES - CEP 26700000",GONZALES,26700000,MENDES,330280,,,-22.518605163251845,-43.74296933412552,1244,M,006,013,06/04/2026
3302902283239,2283239,HOSPITAL MUNICIPAL LUIZ GONZAGA,SECRETARIA MUNICIPAL DE SAUDE DE MIGUEL PEREIRA,nome Hospital Municipal + tipo hospital/natureza Municipio,"RUA ADELAIDE BADENES, 400, CENTRO - CEP 26900000",CENTRO,26900000,MIGUEL PEREIRA,330290,(24)21050222,secretariaadm.hmlg@ibdap.org.br,-22.450260626314968,-43.46043348312378,1244,M,006,009,09/04/2026
3303202293862,2293862,HOSPITAL MUNICIPAL JUSCELINO KUBITSCHEK,SECRETARIA MUNICIPAL DE SAUDE DE NILOPOLIS,nome Hospital Municipal + tipo hospital/natureza Municipio,"RUA ZEZINHO, 111, CENTRO - CEP 26520000",CENTRO,26520000,NILOPOLIS,330320,(21)37613223,,-22.810136873581314,-43.418263720638116,1244,M,006,009,10/04/2026
3303300012513,0012513,HOSPITAL MUNICIPAL CARLOS TORTELLY,FUNDACAO MUNICIPAL DE SAUDE,nome Hospital Municipal,"ATHAYDE PARREIRAS, 266, NITEROI - CEP 24070090",NITEROI,24070090,NITEROI,330330,(21) 2729-9342,,-22.893917576889766,-43.11037838459015,1155,M,006,007,01/04/2026
3303300105317,0105317,HOSPITAL MUNICIPAL OCEANICO DR GILSON CANTARINO HMOGC,FUNDACAO MUNICIPAL DE SAUDE DE NITEROI,nome Hospital Municipal,"DOUTOR RAUL DE OLIVEIRA RODRIGUES, 382, PIRATININGA - CEP 24350630",PIRATININGA,24350630,NITEROI,330330,21 31803948,CONTABILIDADESAUDEDENITEROI@GMAIL.COM,-22.943388379407434,-43.061914570933546,1155,M,006,009,08/04/2026
3303402272784,2272784,HOSPITAL MUNICIPAL RAUL SERTA,MUNICIPIO DE NOVA FRIBURGO,nome Hospital Municipal + tipo hospital/natureza Municipio,"RUA GENERAL OSORIO, 324, CENTRO - CEP 28625630",CENTRO,28625630,NOVA FRIBURGO,330340,22 2524-2300,hmrs@gigalink.com.br,-22.27248,-42.53411,1244,M,006,009,07/04/2026
3303502798662,2798662,HGNI HOSPITAL GERAL DE NOVA IGUACU,MUNICIPIO DE NOVA IGUACU,tipo hospital + natureza Municipio,"AVENIDA HENRIQUE DUQUE ESTRADA MEYER, 953, NAO HA, POSSE - CEP 26030380",POSSE,26030380,NOVA IGUACU,330350,2137799900,direcaogeral.hgni@novaiguacu.rj.gov.br,-22.73124353010084,-43.46234321594238,1244,M,006,009,06/04/2026
3303507591136,7591136,HOSPITAL IGUASSU MATERNIDADE MUNICIPAL MARIANA BULHOES,SECRETARIA MUNICIPAL DE SAUDE DE NOVA IGUACU,tipo hospital + natureza Municipio,"RUA CORONEL ALFREDO SOARES, S/N, CENTRO - CEP 26255150",CENTRO,26255150,NOVA IGUACU,330350,31023123,direcaogeral.mmmb@gmail.com,-22.759086633355263,-43.45109939575195,1244,M,006,013,09/04/2026
3303602279355,2279355,HOSPITAL MUNICIPAL DR ADALBERTO DA GRACA,MUNICIPIO DE PARACAMBI,nome Hospital Municipal + tipo hospital/natureza Municipio,"AV JONAS LEAL, 17, LAGES - CEP 26600000",LAGES,26600000,PARACAMBI,330360,(21)26832128,,-22.6252912,-43.7012955,1244,M,006,009,31/10/2025
3303600219436,0219436,MATERNIDADE LAURINDO JOSE FERREIRA,MUNICIPIO DE PARACAMBI,tipo hospital + natureza Municipio,"AVENIDA JONAS LEAL, 17, LAGES - CEP 26600000",LAGES,26600000,PARACAMBI,330360,,,-22.6276506,-43.7007294,1244,M,006,013,31/10/2025
3303802704587,2704587,HOSPITAL MUNICIPAL HUGO MIRANDA,SECRETARIA MUNICIPAL DE SAUDE DE PARATY,nome Hospital Municipal + tipo hospital/natureza Municipio,"RUA SAO PEDRO DE ALCANTARA, 01, PONTAL - CEP 23970000",PONTAL,23970000,PARATY,330380,2433716551,paratyfaturamento@gmail.com,-23.21794068384828,-44.71291780471802,1244,M,006,007,06/04/2026
3303902275562,2275562,HOSPITAL ALCIDES CARNEIRO,MUNICIPIO DE PETROPOLIS,tipo hospital + natureza Municipio,"RUA VIGARIO CORREA, 1345, CORREAS - CEP 25720320",CORREAS,25720320,PETROPOLIS,330390,2236-6600,direcaotecnica@alcidescarneiro.com,-22.44578,-43.1425,1244,M,006,001,01/04/2026
3303902275589,2275589,HOSPITAL MUNICIPAL DR NELSON DE SA EARP,MUNICIPIO DE PETROPOLIS,nome Hospital Municipal + tipo hospital/natureza Municipio,"RUA PAULINO AFONSO, 455, CENTRO - CEP 25680000",CENTRO,25680000,PETROPOLIS,330390,(24)22374062,ssahmnse03@petropolis.rj.gov.br,-22.507684949999998,-43.19229380768313,1244,M,006,009,25/02/2026
3303952271141,2271141,HOSPITAL MUNICIPAL DE PINHEIRAL AURELINO GONCALVES BARBOSA,MUNICIPIO DE PINHEIRAL,nome Hospital Municipal + tipo hospital/natureza Municipio,"RUA FRANCISCO RIBEIRO DE ABREU, 60, CENTRO - CEP 27198360",CENTRO,27198360,PINHEIRAL,330395,(24) 3356 3490/3188,smspinheiral2017@outlook.com.br,-22.5191212,-43.9956992,1244,M,006,009,26/03/2026
3304102272210,2272210,UNIDADE DE ATENDIMENTO DR ANTONIO MONTEIRO,PREFEITURA MUNICIPAL DE PORCIUNCULA,tipo hospital + natureza Municipio,"RUA SCHUWARTZ VIEIRA, 154, CENTRO - CEP 28390000",CENTRO,28390000,PORCIUNCULA,330410,2238421172,saude@porciuncula.rj.gov.br,-20.962000666779435,-42.04066514968872,1244,M,006,001,27/05/2025
3304115307864,5307864,HOSPITAL GERAL MUNICIPAL SAO FRANCISCO DE ASSIS,MUNICIPIO DE PORTO REAL,tipo hospital + natureza Municipio,"AVENIDA RENATO MONTEIRO, 1235, CENTRO - CEP 27570000",CENTRO,27570000,PORTO REAL,330411,2433534201,controleavaliacaopr@gmail.com,-22.4212126,-44.3493067,1244,M,006,026,09/04/2026
3304140182974,0182974,HOSPITAL E MATERNIDADE MUNICIPAL DE QUEIMADOS,MUNICIPIO DE QUEIMADOS,tipo hospital + natureza Municipio,"RUA DEUSINHO DE FREITAS, 13, CENTRO - CEP 26325290",CENTRO,26325290,QUEIMADOS,330414,26657800,,-22.71832434384697,-43.55583965778351,1244,M,006,009,08/01/2026
3304152267209,2267209,HOSPITAL MUNICIPAL MARIANA MARIA DE JESUS,SECRETARIA MUNICIPAL DE SAUDE DE QUISSAMA,nome Hospital Municipal,"AV AMILCAR PEREIRA DA SILVA, 138, MATO DE PIPA - CEP 28737000",MATO DE PIPA,28737000,QUISSAMA,330415,2227689100,hospital@quissama.rj.gov.br,-22.1142433,-41.4848849,1031,M,006,009,08/04/2026
3304202288893,2288893,HOSPITAL MUNICIPAL HENRIQUE SERGIO GREGORI,SECRETARIA MUNICIPAL DE SAUDE DE RESENDE,nome Hospital Municipal + tipo hospital/natureza Municipio,"AVENIDA MARCILIO DIAS, 800, JARDIM JALISCO - CEP 27510080",JARDIM JALISCO,27510080,RESENDE,330420,(24) 3381-2080,direcaohme.resende@gmail.com,-22.463259516067705,-44.45989966392517,1244,M,006,009,04/02/2026
3304406232094,6232094,HOSPITAL MUNICIPAL NOSSA SENHORA DA PIEDADE,SECRETARIA MUNICIPAL DE SAUDE DE RIO CLARO,nome Hospital Municipal + tipo hospital/natureza Municipio,"RODOVIA FRANCISCO SATURNINO BRAGA, 9831, GUARITA - CEP 27460000",GUARITA,27460000,RIO CLARO,330440,24 33321611/33321798,fusarc.infdados@rioclaro.rj.gov.br,-22.725840479987838,-44.12836790084839,1244,M,006,009,24/03/2026
3304502268329,2268329,HOSPITAL GERAL DR LUIZ PINTO,MUNICIPIO DE RIO DAS FLORES,tipo hospital + natureza Municipio,"RUA MARCELINO DO VALLE, 13, INGLESES - CEP 27660322",INGLESES,27660322,RIO DAS FLORES,330450,(24)24581300,faturamentorf@gmail.com,-22.168041,-43.57836,1244,M,006,009,28/01/2026
3304526069134,6069134,HOSPITAL MUNICIPAL DRA NAELMA MONTEIRO DA SILVA,MUNICIPIO RIO DAS OSTRAS,nome Hospital Municipal + tipo hospital/natureza Municipio,"RUA NILDON LUSTOSA, S/N, PARQUE ZABULAO - CEP 28893800",PARQUE ZABULAO,28893800,RIO DAS OSTRAS,330452,22 27716329,hmro@pmro.rj.gov.br,-22.516981,-41.9440618,1244,M,006,009,22/01/2026
3304527612036,7612036,PRONTO SOCORRO MUNICIPAL RIO DAS OSTRAS,PREFEITURA MUNICIPAL DE RIO RIO DAS OSTRAS,tipo hospital + natureza Municipio,"LAERCIO LUCIO DE CARVALHO, 1075, PARQUE ZABULAO - CEP 28893437",PARQUE ZABULAO,28893437,RIO DAS OSTRAS,330452,22 27641823,,-22.51858286390887,-41.943182945251465,1244,M,006,009,14/01/2026
3304552298120,2298120,SMS HOSPITAL MUNICIPAL ALBERT SCHWEITZER AP 51,SMS RIO HOSPITAL MUNICIPAL ALBERT SCHWEITZER AP 51,nome Hospital Municipal,"RUA NILOPOLIS, 329, REALENGO - CEP 21725090",REALENGO,21725090,RIO DE JANEIRO,330455,(21) 2042-2096,faturamento.hmas@vivario.org.br,-22.86607,-43.43868,1031,M,006,007,24/03/2026
3304552273187,2273187,SMS HOSPITAL MUNICIPAL ALVARO RAMOS AP 40,SMS RIO HOSPITAL MUNICIPAL ALVARO RAMOS AP 40,nome Hospital Municipal,"RUA ADAUTO BOTELHO, 0, JACAREPAGUA - CEP 22713550",JACAREPAGUA,22713550,RIO DE JANEIRO,330455,(21)33920008,hmaramos@rio.rj.gov.br,-22.9457408,-43.3975314,1031,M,006,009,24/03/2026
3304552270242,2270242,SMS HOSPITAL MUNICIPAL BARATA RIBEIRO AP 10,SMS RIO HOSPITAL MUNICIPAL BARATA RIBEIRO AP 10,nome Hospital Municipal,"RUA VISCONDE DE NITEROI, 1450, MANGUEIRA - CEP 20943001",MANGUEIRA,20943001,RIO DE JANEIRO,330455,2122841812,hmbribeiro@rio.rj.gov.br,-22.9686606,-43.428177,1031,M,006,009,01/04/2026
3304552269481,2269481,SMS HOSPITAL MUNICIPAL DA PIEDADE AP 32,SMS RIO HOSPITAL MUNICIPAL DA PIEDADE AP 32,nome Hospital Municipal,"RUA DA CAPELA, 96, PIEDADE - CEP 20740310",PIEDADE,20740310,RIO DE JANEIRO,330455,(21)31116540,hmpiedade@rio.rj.gov.br,-22.891816,-43.309627,1031,M,006,009,25/03/2026
3304557166494,7166494,SMS HOSPITAL MUNICIPAL EVANDRO FREIRE AP 31,SMS RIO HOSPITAL MUNICIPAL EVANDRO FREIRE AP 31,nome Hospital Municipal,"ESTRADA DO GALEAO, 2920, PORTUGUESA ILHA DO G - CEP 21931582",PORTUGUESA ILHA DO G,21931582,RIO DE JANEIRO,330455,21 38122400,faturamento.hmef@cejam.org.br,-22.80518743242434,-43.21065545082092,1031,M,006,009,25/03/2026
3304552291266,2291266,SMS HOSPITAL MUNICIPAL FRANCISCO DA SILVA TELLES AP33,POSTO DE ASSISTENCIA MEDICA FRANCISCO DA SILVA TELLES,nome Hospital Municipal,"UBIRAJARA, 25, IRAJA - CEP 21230300",IRAJA,21230300,RIO DE JANEIRO,330455,021 3715070,,-22.903969,-43.20855,1031,M,006,009,10/04/2026
3304552269341,2269341,SMS HOSPITAL MUNICIPAL JESUS AP 22,SMS RIO HOSPITAL MUNICIPAL JESUS AP 22,nome Hospital Municipal,"OITO DE DEZEMBRO, 717, VILA ISABEL - CEP 20550200",VILA ISABEL,20550200,RIO DE JANEIRO,330455,,dica.hmjesus@gmail.com,-22.911417,-43.243555,1031,M,006,009,08/04/2026
3304552273381,2273381,SMS HOSPITAL MUNICIPAL JURANDYR MANFREDINI AP 40,SMS RIO HOSPITAL MUNICIPAL JURANDYR MANFREDINI AP 40,nome Hospital Municipal,"RUA SAMPAIO CORREIA, S/N, JACAREPAGUA - CEP 22713560",JACAREPAGUA,22713560,RIO DE JANEIRO,330455,(21) 3432-2246,hmjmanfredini@pcrj.rj.gov.br,-22.90347,-43.20877,1031,M,006,009,27/03/2026
3304552270609,2270609,SMS HOSPITAL MUNICIPAL LOURENCO JORGE AP 40,SMS RIO HOSPITAL MUNICIPAL LOURENCO JORGE AP 40,nome Hospital Municipal,"AV AYRTON SENNA, 2000, BARRA DA TIJUCA - CEP 22793000",BARRA DA TIJUCA,22793000,RIO DE JANEIRO,330455,21 3111-4612,hmljorge@rio.rj.gov.br,-22.9952485,-43.3643149,1031,M,006,009,30/03/2026
3304552270269,2270269,SMS HOSPITAL MUNICIPAL MIGUEL COUTO AP 21,SMS RIO HOSPITAL MUNICIPAL MIGUEL COUTO AP 21,nome Hospital Municipal,"MARIO RIBEIRO, 117, GAVEA - CEP 22430160",GAVEA,22430160,RIO DE JANEIRO,330455,21 3111-3711,hmmcdrh@gmail.com,-22.90378,-43.20888,1031,M,006,009,25/03/2026
3304552269724,2269724,SMS HOSPITAL MUNICIPAL NOSSA SENHORA DO LORETO AP 31,SMS RIO HOSPITAL MUNICIPAL NOSSA SENHORA DO LORETO AP 31,nome Hospital Municipal,"RUA TAIFEIRO OSMAR DE MORAES, 26, GALEAO - CEP 21941455",GALEAO,21941455,RIO DE JANEIRO,330455,(21)33931983/0610,hmnsloreto@gmail.com,-22.8124486,-43.2250092,1031,M,006,009,25/03/2026
3304556995462,6995462,SMS HOSPITAL MUNICIPAL PEDRO II AP 53,SMS RIO HOSPITAL MUNICIPAL PEDRO II AP 53,nome Hospital Municipal,"RUA DO PRADO, 325, SANTA CRUZ - CEP 23555012",SANTA CRUZ,23555012,RIO DE JANEIRO,330455,3365 5201,cnes.hmp2@spdm-pais.org.br,-22.909,-43.201,1031,M,006,009,26/03/2026
3304552273349,2273349,SMS HOSPITAL MUNICIPAL RAPHAEL DE PAULA SOUZA AP 40,SMS RIO HOSPITAL MUNICIPAL RAPHAEL DE PAUL A SOUZA AP 40,nome Hospital Municipal,"ESTRADA DE CURICICA, 2000, CURICICA, JACAREPAGUA - CEP 22740000",JACAREPAGUA,22740000,RIO DE JANEIRO,330455,2134136433,smsdirecaogeralhmrps@gmail.com,-22.955721,-43.3969139,1031,M,006,009,25/03/2026
3304552295407,2295407,SMS HOSPITAL MUNICIPAL ROCHA FARIA AP 52,SMS RIO HOSPITAL MUNICIPAL ROCHA FARIA AP 52,nome Hospital Municipal,"AV CESARIO DE MELO, 3215, CAMPO GRANDE - CEP 23050101",CAMPO GRANDE,23050101,RIO DE JANEIRO,330455,(21)2333-6797,direcao.hmrf@igedes.org.br,-22.908061044663658,-43.56238079119834,1031,M,006,007,25/03/2026
3304552273489,2273489,SMS HOSPITAL MUNICIPAL ROCHA MAIA AP 21,SMS RIO HOSPITAL MUNICIPAL ROCHA MAIA AP 21,nome Hospital Municipal,"GENERAL SEVERIANO, 91, BOTAFOGO - CEP 22290040",BOTAFOGO,22290040,RIO DE JANEIRO,330455,21-22952295,hospitalmunicipalrochamaia@gmail.com,-22.903077,-43.208777,1031,M,006,007,26/03/2026
3304555717256,5717256,SMS HOSPITAL MUNICIPAL RONALDO GAZOLLA AP 33,EMPRESA PUBLICA DE SAUDE DO RIO DE JANEIRO S A RIOSAUDE,nome Hospital Municipal,"AV PASTOR MARTIN LUTHER KING, 10976, ACARI - CEP 21531010",ACARI,21531010,RIO DE JANEIRO,330455,(21)2088-4600,hospitalronaldogazolla.riosaude@gmail.com,-22.825198665181972,-43.34750175476074,2011,M,006,009,10/04/2026
3304552296306,2296306,SMS HOSPITAL MUNICIPAL SALGADO FILHO AP 32,SMS RIO HOSPITAL MUNICIPAL SALGADO FILHO AP 32,nome Hospital Municipal,"ARQUIAS CORDEIRO, 370, MEIER - CEP 20770000",MEIER,20770000,RIO DE JANEIRO,330455,,,-22.90377,-43.20877,1031,M,006,009,26/03/2026
3304552280183,2280183,SMS HOSPITAL MUNICIPAL SOUZA AGUIAR AP 10,SMS RIO HOSPITAL MUNICIPAL SOUZA AGUIAR AP 10,nome Hospital Municipal,"PRACA DA REPUBLICA, 111, CENTRO - CEP 20211350",CENTRO,20211350,RIO DE JANEIRO,330455,,,-22.90822,-43.18969,1031,M,006,007,09/03/2026
3304557041624,7041624,SMS MATERNIDADE DA MULHER MARISKA RIBEIRO AP 51,SMS RIO HOSPITAL MUNICIPAL DA MULHER MARISKA RIBEIRO AP 51,nome Hospital Municipal,"PRACA 1 DE MAIO, S/N, BANGU - CEP 21830006",BANGU,21830006,RIO DE JANEIRO,330455,21 2042-2912,diretoria.hmmr@cejam.org.br,-22.8766711,-43.4727696,1031,M,006,013,26/03/2026
3304605095824,5095824,HOSPITAL BASILEU ESTRELA,MUNICIPIO DE SANTA MARIA MADALENA,tipo hospital + natureza Municipio,"RUA BARAO DE MACABU, 17, CENTRO - CEP 28770000",CENTRO,28770000,SANTA MARIA MADALENA,330460,2225611768,,-21.959245805178792,-42.01118230819702,1244,M,006,007,12/01/2026
3304752291320,2291320,HOSPITAL MUNICIPAL MANOEL CAROLA,MUNICIPIO DE SAO FRANCISCO DE ITABAPOANA,nome Hospital Municipal + tipo hospital/natureza Municipio,"AV NILTON MAYERHOFFER PESSANHA, 48, PONTO DE CACIMBAS - CEP 28230000",PONTO DE CACIMBAS,28230000,SAO FRANCISCO DE ITABAPOANA,330475,22999659443,saudesfi@hotmail.com,-21.4112284,-41.1403546,1244,M,006,009,26/03/2026
3304900113891,0113891,HOSPITAL DO CANCER E DO CORACAO HCCOR,SECRETARIA MUNICIPAL DE SAUDE DE SAO GONCALO,tipo hospital + natureza Municipio,"ESTRADA DE PACHECO, 216, A, LAGOINHA - CEP 24440400",LAGOINHA,24440400,SAO GONCALO,330490,,,-22.8230575,-42.9805507,1244,M,006,009,01/04/2026
3304902292084,2292084,HOSPITAL DR LUIZ PALMIER,SECRETARIA MUNICIPAL DE SAUDE DE SAO GONCALO,tipo hospital + natureza Municipio,"PRACA ESTEPHANIA DE CARVALHO, 26, PARTE 1, ZE GAROTO - CEP 24440195",ZE GAROTO,24440195,SAO GONCALO,330490,(21) 2603-6590,,-22.8292229,-43.0567825,1244,M,006,009,26/11/2025
3304904628799,4628799,HOSPITAL GERAL DE SAO GONCALO,MUNICIPIO DE SAO GONCALO,tipo hospital + natureza Municipio,"RUA SA CARVALHO, 686, VILA IARA - CEP 24440710",VILA IARA,24440710,SAO GONCALO,330490,,,-22.8232556,-43.051897,1244,M,006,007,20/05/2025
3304902704595,2704595,HOSPITAL INFANTIL DARCY SARMANHO VARGAS,SECRETARIA MUNICIPAL DE SAUDE DE SAO GONCALO,tipo hospital + natureza Municipio,"PRACA ESTEPHANIA DE CARVALHO, 26, PARTE 3, ZE GAROTO - CEP 24440195",ZE GAROTO,24440195,SAO GONCALO,330490,(21)26056531,,-22.8289069,-43.0545264,1244,M,006,007,16/03/2026
3304900113115,0113115,HOSPITAL MUNICIPAL RETAGUARDA GONCALENSE,SECRETARIA MUNICIPAL DE SAUDE DE SAO GONCALO,nome Hospital Municipal + tipo hospital/natureza Municipio,"RUA JOAO DE SOUZA, 410, CENTRO - CEP 24445370",CENTRO,24445370,SAO GONCALO,330490,,,-22.8253875,-43.0484401,1244,M,006,009,11/03/2026
3304902297590,2297590,MATERNIDADE MUNICIPAL DR MARIO NIAJAR,MUNICIPIO DE SAO GONCALO,tipo hospital + natureza Municipio,"ALFREDO BACKER, 324, ALCANTARA - CEP 24430380",ALCANTARA,24430380,SAO GONCALO,330490,2725-7390,,-22.8183745,-43.0919633,1244,M,006,013,29/01/2026
3305102298708,2298708,HOSPITAL MUNICIPAL DE SAO JOAO DE MERITI ABDON GONCALVES,SECRETARIA MUNICIPAL DE SAUDE DE SAO JOAO DE MERITI,nome Hospital Municipal + tipo hospital/natureza Municipio,"AVENIDA PRESIDENTE LINCOLN, S/N, JARDIM MERITI - CEP 25555200",JARDIM MERITI,25555200,SAO JOAO DE MERITI,330510,21 2651-1220,,-22.802492342034405,-43.37222099304199,1244,M,006,009,10/04/2026
3305202280582,2280582,HOSPITAL MUNICIPAL DR JOSE SEVE NETO,SECRETARIA MUNICIPAL DE SAUDE DE SAO PEDRO DA ALDEIA,nome Hospital Municipal,"RUA EPAMINONDAS PEREIRA NUNES, 01, NOVA SAO PEDRO - CEP 28941140",NOVA SAO PEDRO,28941140,SAO PEDRO DA ALDEIA,330520,22 2621 2623,faturamento.psmjsn@iagp.org.br,-22.837100578529924,-42.09673763984563,1031,M,006,009,06/01/2026
3305402274310,2274310,HOSPITAL MUNICIPAL DE SAPUCAIA,MUNICIPIO DE SAPUCAIA,nome Hospital Municipal + tipo hospital/natureza Municipio,"RUA CORONEL MARCONDES, S/N, CENTRO - CEP 25880000",CENTRO,25880000,SAPUCAIA,330540,24 2040-7501,,-21.99470481691204,-42.9131555557251,1244,M,006,007,18/03/2026
3305504089189,4089189,HOSPITAL MUNICIPAL NOSSA SENHORA DE NAZARETH,MUNICIPIO DE SAQUAREMA,nome Hospital Municipal + tipo hospital/natureza Municipio,"FABIO LUCIO DOS SANTOS, 158, BARREIRA, VERDE VALE - CEP 28994434",VERDE VALE,28994434,SAQUAREMA,330550,22 26514821,SAUDE@SAQUAREMA.RJ.GOV.BR,-22.898295981056126,-42.47812271118164,1244,M,006,009,07/11/2025
3305502274299,2274299,HOSPITAL MUNICIPAL PORPHIRIO NUNES DE AZEREDO,SECRETARIA MUNICIPAL DE SAUDE DE SAQUAREMA,nome Hospital Municipal + tipo hospital/natureza Municipio,"RUA ADOLFO BRAVO, S/N, BACAXA - CEP 28994699",BACAXA,28994699,SAQUAREMA,330550,(22)26533123,,-22.895311170069917,-42.46711492538452,1244,M,006,009,08/04/2026
3305602274108,2274108,POLICLINICA MUNICIPAL AGUINALDO MORAES,MUNICIPIO DE SILVA JARDIM,tipo hospital + natureza Municipio,"OITO DE MAIO, 534, CENTRO - CEP 28820000",CENTRO,28820000,SILVA JARDIM,330560,,,-22.655,-42.395,1244,M,006,007,09/12/2025
3305702268051,2268051,HOSPITAL MUNICIPAL DR JOAO PEREIRA MARTINS,SMS SUMIDOURO,nome Hospital Municipal + tipo hospital/natureza Municipio,"RUA CARLOS ALBERTO P MOURA JUNIOR, 02, N SRA DE FATIMA - CEP 28637000",N SRA DE FATIMA,28637000,SUMIDOURO,330570,(24)25311164,,-22.047451,-42.674796,1244,M,006,009,04/11/2025
3305752283735,2283735,HOSPITAL MUNICIPAL DERMEVAL GARCIA DE FREITAS,SECRETARIA MUNICIPAL DE SAUDE DE TANGUA,nome Hospital Municipal + tipo hospital/natureza Municipio,"RUA PRIMEIRO DE MAIO, 35, CENTRO - CEP 24890000",CENTRO,24890000,TANGUA,330575,21 27472301,admpoliclinicatangua@gmail.com,-22.735245,-42.724769,1244,M,006,007,14/10/2025
3305903584968,3584968,HOSPITAL MUNICIPAL FRANCISCO LIMONGI,MUNICIPIO DE TRAJANO DE MORAES,nome Hospital Municipal + tipo hospital/natureza Municipio,"RUA NEY FORTUNA, 30, ATRAS DO CAMPO, CENTRO - CEP 28750000",CENTRO,28750000,TRAJANO DE MORAES,330590,(22)25641102,hflimongi@hotmail.com,-22.063479,-42.066602,1244,M,006,009,18/03/2026
3306152704390,2704390,HOSPITAL SAO SEBASTIAO DE VARRESAI,HOSPITAL MUNICIPAL SAO SEBASTIAO DE VARRESAI,nome Hospital Municipal + tipo hospital/natureza Municipio,"RUA OCTAVIO MONERAT, 10, CENTRO - CEP 28375000",CENTRO,28375000,VARRE-SAI,330615,2238433832,,-20.9315537,-41.8695203,1244,M,006,001,11/11/2025
3306300025143,0025143,HOSPITAL MUNICIPAL DR MUNIR RAFFUL,HOSPITAL MUNICIPAL DR MUNIR RAFFUL,nome Hospital Municipal,"AV JARAGUA, 1020, RETIRO - CEP 27277130",RETIRO,27277130,VOLTA REDONDA,330630,2433399393,hmr@epdvr.com.br,-22.4994878,-44.122840027650305,1031,M,006,009,10/03/2026
3306300025135,0025135,HOSPITAL MUNICIPAL SAO JOAO BATISTA,SERVICO AUTONOMO HOSPITALAR,nome Hospital Municipal,"RUA NOSSA SENHORA DAS GRACAS, 235, SAO GERALDO - CEP 27253610",SAO GERALDO,27253610,VOLTA REDONDA,330630,2433424144,sah@hsjb.org.br,-22.5008898,-44.0514597,1120,M,006,009,10/04/2026
