ID_HOSPITAL,HOSPITAL_REFERENCIA,MUNICIPIO_REFERENCIA,REGIAO_REFERENCIA,ENDERECO_REFERENCIA,LEITOS_REFERENCIA,LAT,LOG,TELEFONE_REFERENCIA,EMAIL_REFERENCIA
7354746,Hospital Munipal da Japuíba,Angra dos Reis,REGIÃO BAÍA DA ILHA GRANDE,"R. Japoranga, 1700 - Japuíba, Angra dos Reis - RJ, 23934-055",8.0,-229680084,-443021808,(24) 33686-556,
2704587,Hospital Municipal Hugo Miranda,Paraty,REGIÃO BAÍA DA ILHA GRANDE,"R. São Pedro de Alcântara, 01 - Pontal, Paraty - RJ, 23970-000",2.0,-232155488,-447155325,(24) 3371-6551,
2288109,Hospital Municipal Victor de Souza Breves,Mangaratiba,REGIÃO BAÍA DA ILHA GRANDE,"R. Dr. Nilo Peçanha 55 - Centro, Mangaratiba - RJ, 23860-000",2.0,-229611827,-440421347,(21) 2789-6012,
6200702,Hospital Municipal Dr. Rodolpho Perisse,Armação de Búzios,REGIÃO BAIXADA LITORÂNEA,"Estrada de Búzios, s/n, Lote 01, Qdra. 07 - São José - RJ, 28950-000",2.0,-227797349,-419351724,(22) 2623-7959,
2285150,Hospital Municipal Pref Armando da Silva Carvalho,Araruama ,REGIÃO BAIXADA LITORÂNEA,"R. Dr. José Florêncio Sobrinho, s/nº - São Vicente de Paulo",4.0,-227225903,-422546601,(22) 2666-1238,
2267802,Hospital Geral de Arraial do Cabo,Arraial do Cabo,REGIÃO BAIXADA LITORÂNEA,"Av. Getúlio Vargas, s/n - Praia Grande, Arraial do Cabo - RJ, 28930-000",2.0,-229758497,-420306983,(22) 2622-2107,
2283395,Hospital Municipal São José Operário,Cabo Frio,REGIÃO BAIXADA LITORÂNEA,"R. Gov. Valadares, 22 - São Cristóvão, Cabo Frio - RJ, 28909-010",8.0,-228920769,-420405158,(22) 2643-2732,
2280396,Hospital Municipal Angela Maria Simões Menezes,Cassimiro de Abreu ,REGIÃO BAIXADA LITORÂNEA,"R. Pastor Luís Laurentino da Silva, 1292 - Santa Ely, Casimiro de Abreu - RJ, 28860-000",2.0,-224919821,-422034886,(22) 2778-4440,
6069134,Hospital Municipal Drª Naelma Monteiro da Silva,Rio das Ostras,REGIÃO BAIXADA LITORÂNEA,"R. Nildon Lustosa, s/n - Parque Zabulao, Rio das Ostras - RJ, 28890-000",6.0,-225167734,-419460468,(22) 2771-6006,
4089189,Hospital Municipal  Nossa Senhora de Nazareth,Saquarema,REGIÃO BAIXADA LITORÂNEA,"R. O Lto Verde Vale, 259 - Verde Vale, Saquarema - RJ, 28990-000",4.0,-22897218,-424801453,(22) 2653-3123,
2277174,Hospital Nelson Salles,Engenheiro Paulo de Frontin ,REGIÃO CENTRO-SUL,"R. Arlíndo Nunes, 28 - Centro, Eng. Paulo de Frontin - RJ, 26650-000",3.0,-225500577,436798746,(24) 2463-2714,
5057531,Hospital Municipal Santa Maria,Mendes,REGIÃO CENTRO-SUL,"R. Cap. Mexias, 112 - Tupinambá, Mendes - RJ, 26700-000",2.0,-225271323,-437343891,(24) 2465-2240,
2283239,Hospital Municipal Luiz Gonzaga,Miguel Pereira ,REGIÃO CENTRO-SUL,"Praça Dúlce Nilet - Conceicao, Miguel Pereira - RJ, 26900-000",4.0,-224506903,-434634454,(24) 2484-5049,
2279355,Hospital Municipal Dr. Adalberto da Graça,Paracambi,REGIÃO CENTRO-SUL,"Av. Jonas Leal, 17 - Lages, Paracambi - RJ, 26600-000",12.0,-226245807,-437011286,(21) 3693-3364,
2276186,Hospital Nossa Senhora da Piedade,Paraíba do Sul ,REGIÃO CENTRO-SUL,"Av. Provedor Randolpho Penna Júnior, 320 - Vila Nicolau Melick, Paraíba do Sul - RJ, 25850-000",9.0,-221636457,-432940529,(24) 2263-1166,
2273748,Hospital Universitário de Vassouras,Vassouras,REGIÃO CENTRO-SUL,"R. Vicente Celestino, 201 - Madruga, Vassouras - RJ, 27700-000",4.0,-22397591,-436558334,(24) 2471-8136,
2287919,Casa de Caridade Santa Rita,Barra do Piraí ,REGIÃO MÉDIO PARAÍBA,"R. Franklin de Moraes, 67 - Centro, Barra do Piraí - RJ, 27135-000",0.0,-224701866,-438251562,(24) 2447-2750,
2280051,Santa Casa de Misericórdia de Barra Mansa,Barra Mansa,REGIÃO MÉDIO PARAÍBA,"R. Pinto Ribeiro, 205 - Centro, Barra Mansa - RJ, 27310-420",4.0,-225408028,-439724884,(24) 3325-8300,
2267187,Hospital Flavio Leal,Piraí,REGIÃO MÉDIO PARAÍBA,"R. Roberto Silveira, 50 - Centro, Piraí - RJ, 27175-000",2.0,-226285862,-439065277,(24) 3511-5600,
2271141,Hospital Municipal de Pinheiral,Pinheiral,REGIÃO MÉDIO PARAÍBA,"R. Francisco Ribeiro de Abreu, 60 - Mutirão, Pinheiral - RJ, 27197-000",2.0,-225189933,-439982281,(24) 3356-2389,
5307864,Hospital Municipal São Francisco de Assis,Porto Real,REGIÃO MÉDIO PARAÍBA,"Av. Renato Monteiro, 1235 - Bairro Novo Horizonte, Porto Real - RJ, 27570-000",2.0,-224175574,-443082773,(24) 3353-4302,
2273101,Hospital São Lucas,Quatis,REGIÃO MÉDIO PARAÍBA,"R. Avelino Batista Soares, 297 - Centro, Quatis - RJ, 27410-180",2.0,-22411849,-442625608,(24)33532823,
2288885,Santa Casa de Resende,Resende,REGIÃO MÉDIO PARAÍBA,"Praça Clemente Ferreira, 39 - Lava-Pés, Resende - RJ, 27511-020",10.0,-224722759,-444487946,(24) 3355-1159,
6232094,Hospital Municipal Nossa Senhora da Piedade,Rio Claro,REGIÃO MÉDIO PARAÍBA,"Rod. Francisco Saturnino Braga 9831, Rio Claro, RJ, 27460-000",2.0,-227261887,-441309516,(24) 33321611,
2268329,Hospital Geral Dr. Luis Pinto,Rio das Flores,REGIÃO MÉDIO PARAÍBA,"R. Pref. Marcelino do Valê, 13 - Centro, Rio das Flores - RJ, 27660-000",1.0,-221676957,-435830295,(24)24581300,
2288230,Hospital Municipal Dr. Manoel Martins Barros,Itatiaia,REGIÃO MÉDIO PARAÍBA,"R. Dois, 800 - Cidade Jardim Itatiaia, Itatiaia - RJ, 27580-000",2.0,-224877858,-445688644,(24) 3352-1155,
2292912,Hospital Escola Luiz Gioseffi Jannuzzi,Valença,REGIÃO MÉDIO PARAÍBA,"R. Dom Jose Costa Campos, 20 - Nossa Sra. da Gloria, Valença - RJ, 27600-000",,-222464841,-436998586,(24) 2453-1333,
2708078,Hospital Nelson dos Santos Gonçalves,Volta Redonda,REGIÃO MÉDIO PARAÍBA,"R. Paulo Leopoldo Marçal, 298 - Aterrado, Volta Redonda - RJ, 27213-280",,-225088328,-440928867,(24) 3339-9540,
2289571,Hospital Municipal de Belford Roxo,Belford Roxo,REGIÃO METROPOLITANA I,"Av. Retiro da Imprensa, 1013 - Vila Medeiros, Belford Roxo - RJ, 26112-180",5.0,-227497698,-43414323,(21) 2662-1660,
6007317,Hospital Municipal Dr. Moacyr Rodrigues do Carmo,Duque de Caxias,REGIÃO METROPOLITANA I,"Rod. Washington Luiz, 3200 - Parque Beira Mar, Duque de Caxias - RJ, 25085-009",12.0,-227837525,-432866589,(21) 2672-1090,
2284634,Hospital Municipal São Francisco Xavier,Itaguaí,REGIÃO METROPOLITANA I,"R. Gen. Bocaiúva, 16 - Centro, Itaguaí - RJ, 23815-310",3.0,-228694481,-437799224,(21) 2773-6341,
2281554,Hospital Municipal de Japeri,Japeri,REGIÃO METROPOLITANA I,"R. Dr. Peixoto - Santa Ines, Japeri - RJ",4.0,-226470947,-436083556,(21) 26645878,
2278332,Hospital Municipal de Magé,Magé,REGIÃO METROPOLITANA I,"R. Pio XII, 90 - Centro, Magé - RJ, 25903-587",6.0,-22632075,-431491465,(21) 2633-2358,
2293862,Hospital Municipal Juscelino Kubitschek,Nilópolis,REGIÃO METROPOLITANA I,"Rua Zezinho, 111 - Centro, Nilópolis - RJ, 26520-360",4.0,-228103198,-434207206,(21) 3039-0421,
4915518,Unidade de Pronto Atendimento 24h - Unidade Austin,Nova Iguaçu,REGIÃO METROPOLITANA I,"Avenida Beira Rio, S/N - 26087-175 - RJ",6.0,-227148845,-435303177,(21) 2763-1004,
6995462,"Hospital Municipal Pedro II
",Rio de Janeiro,REGIÃO METROPOLITANA I,"R. do Prado, 325 - Santa Cruz, Rio de Janeiro - RJ, 23555-012",19.0,-229126616,-436902797,(21) 2419-4792,
7166494,Hospital Municipal Evandro Freire,Rio de Janeiro,REGIÃO METROPOLITANA I,"Estrada do Galeão, 2.920 - Portuguesa, Rio de Janeiro - RJ, 21931-582",15.0,-22804901,-432134449,(21) 3353-6135,
2270609,"Hospital Municipal Lourenço Jorge
",Rio de Janeiro,REGIÃO METROPOLITANA I,"Av. Ayrton Senna, 2.000 - Barra da Tijuca, Rio de Janeiro - RJ, 22793-000",6.0,-229949737,-43366449,(21) 3111-4652,
2298708,Hospital Municipal São João de Meriti,São João de Meriti,REGIÃO METROPOLITANA I,"Av. Presidente Lincoln, S/N - Jardim Meriti, São João de Meriti - RJ, 25555-201",8.0,-227808447,-433757123,(21) 2751-9100,
2268922,Hospital Municipal Desembargador Leal Junior,Itaboraí,REGIÃO METROPOLITANA II,"Av, Estr. Pref. Álvaro de Carvalho Júnior, S/n - Nancilândia, Itaboraí - RJ",8.0,-227375731,-428517015,(21) 97256-6365,
2266733,Hospital Municipal Conde Modesto Leal,Maricá,REGIÃO METROPOLITANA II,"Rua Domicio da Gama, 433 - Centro, Maricá - RJ, 24902-035",4.0,-428192086,-428192086,(21) 3950-2200,
2292084,Hospital Dr Luiz Palmier,São Gonçalo,REGIÃO METROPOLITANA II,"R. Estefânia de Carvalho, S/N - Centro, São Gonçalo - RJ, 24440-400",19.0,-228292179,-430567825,(21) 2199-6166,
2296241,Hospital Regional Darcy Vargas,Rio Bonito,REGIÃO METROPOLITANA II,"R. João do Carmo, 110 - Centro, Rio Bonito - RJ, 28800-000",3.0,-227107731,-426292337,(21) 3634-9990,
2274108,Policlínica Municipal Aguinaldo Moraes,Silva Jardim,REGIÃO METROPOLITANA II,"Av. Oito de Maio, 538 - Reginópolis, Silva Jardim - RJ, 28820-000",2.0,-226518684,-42390727,(22) 2668-1034,
2290073,Hospital Municipal Ana Moreira,Conceição de Macabu,REGIÃO NORTE,"R. Rozendo Fontes Taváres, 199 - Bocaina, Conceição de Macabu - RJ, 28740-000",4.0,-220895645,-418673125,(22) 2779-2509,
2267209,Hospital Municipal Mariana Maria de Jesus,Quissamã,REGIÃO NORTE,"RJ-196, 411 - Piteiras, Quissamã - RJ, 28735-000",4.0,-221082658,-414770526,(22) 2768-9100,
2283328,Hospital Armando Vidal,São Fidélis,REGIÃO NORTE,"Praça São Fidélis, 79 - Vila Tiao Paulo, São Fidélis - RJ, 28400-000",5.0,-216466647,-417468517,(22) 2758-1060,
2286289,Hospital Santa Casa de Misericórdia de João da Barra,São João da Barra,REGIÃO NORTE,"R. João Francisco de Almeida, 260 - Centro, São João da Barra - RJ, 28200-000",2.0,-216357957,-41048482,(22) 2741-1272,
2291320,Hospital Municipal Manoel Carola,São Francisco de Itabapoana,REGIÃO NORTE,"Av. Nilton Mayerhoffer Pessanha, 48 - Ponto de Cacimbas, São Francisco de Itabapoana - RJ, 28230-000",4.0,-214113151,-411430058,(22) 2789-0606,
2267454,Hospital Municipal Augustinho Gesuald Blanc ,Aperibé,REGIÃO NOROESTE,"R. Antônio José Moreira, 359 - Faria Leite, Aperibé - RJ, 28495-000",2.0,-216211989,-421085338,(22) 3864-1710,
2283794,Hospital Municipal Moacyr Gomes de Azevedo,Cambuci,REGIÃO NOROESTE,"Av. José de Souza Faria, 06 - Centro, Cambuci - RJ, 28430-000",2.0,-215773854,-419137802,(22) 2767-5001,
3470350,Hospital Municipal de Itaocara,Itaocara,REGIÃO NOROESTE,"Praça Toledo Piza, 151 - Centro, Itaocara - RJ, 28570-000",2.0,-216656818,-420779021,(22) 3861-3730,
2276267,Hospital Natividade,Natividade,REGIÃO NOROESTE,"Av. Mauro Alves Ribeiro Júnior, 1044 - Balneario, Natividade - RJ, 28380-000",2.0,-210312346,-419944293,(22) 3841-9900,
2290499,Hospital Municipal de Laje do Muriaé,Laje do Muriaé,REGIÃO NOROESTE,"R. Gerôncio Ferreira - Morro do Querosene, Laje do Muriaé - RJ, 28350-000",2.0,-212089541,-421223974,(22) 3829-2372,
2285932,Hospital de Miracema,Miracema,REGIÃO NOROESTE,"R. José Monteiro de Barros, 500 - Hospital de Miracema, Miracema - RJ, 28460-000",2.0,-214056317,-422092115,800 366 2000,
3040119,Hospital Hélio Montezano de Oliveira,Santo Antônio de Pádua,REGIÃO NOROESTE,"Tv. João Jasbick, 520 - Cehab, Santo Antônio de Pádua - RJ, 28470-000",4.0,-215298741,-421990887,800 191 2315,
2282801,Hospital Doutor. Celso Erthal ,Bom Jardim,REGIÃO SERRANA,"R. João Figueira Rodrigues, 36 - Centro, Bom Jardim - RJ, 28660-000",2.0,-221519701,-424202651,(22) 25662140,
9491619,Hospital de Cordeiro,Cordeiro,REGIÃO SERRANA,"R. Abel Ventura Ribeiro de Moraes, 361 - Centro, Cordeiro - RJ, 28540-000",3.0,-220284772,-42360678,(22) 25510764,
2267713,Hospital de Cantagalo,Cantagalo,REGIÃO SERRANA,"Praça Miguel Santos, 25 - Lot. Vila Bella, Cantagalo - RJ, 28500-000",4.0,-219772034,-423584617,(22) 25554192,
2696924,Hospital Municipal Doutor Celso Martins,Cachoeiras de Macacu,REGIÃO SERRANA,"R. Pref. José da Silva, 260 - Centro, Cachoeiras de Macacu - RJ, 28680-000",4.0,-224609328,-426540678,(21) 26492006,
2267810,Hospital Municipal Dr Antonio Carlos da Silva Monnerat,Duas Barras,REGIÃO SERRANA,"Av. Getúlio Vargas, 199 - Centro, Duas Barras - RJ, 28650-000",2.0,-220506408,-425238239,(22) 25341385,
6146376,Hospital Municipal José Rabello de Mello,Guapimirim,REGIÃO SERRANA,"R. Oswaldo Cruz, s/n - Bananal, Guapimirim - RJ, 25940-000",4.0,-225329412,-429842973,(21) 26323169,
2272784,Hospital Municipal Raul Sertã,Nova Friburgo,REGIÃO SERRANA,"Av. Pres. Costa e Silva, 834 - Centro, Nova Friburgo - RJ, 28630-000",8.0,-222720299,-425361104,(22) 25242300,
2275589,Hospital Municipal Nelson de Sá Earp,Petrópolis,REGIÃO SERRANA,"R. Paulino Afonso, 455 - Centro, Petrópolis - RJ, 25660-003",8.0,-2250796,-43192391,(24) 22374062,
2704633,Hospital São Sebastião,São Sebastião do Alto,REGIÃO SERRANA,"R. Aureliano Lannes Queiroz, 69 - Centro, São Sebastião do Alto - RJ, 28555-000",2.0,-21951328,-421355499,(22) 2559-1313,
4381513,Hospital e Maternidade Santa Therezinha,São José do Vale do Rio Preto,REGIÃO SERRANA,"R. Profa. Maria Emilia Esteves, 617 - Centro, São José do Vale do Rio Preto - RJ, 25780-000",1.0,-221491082,-429176385,(24) 22241150,
5095824,Hospital Basileu Estrela,Santa Maria Madalena,REGIÃO SERRANA,"R. Barão de Macabu - Centro, Santa Maria Madalena - RJ, 28770-000",2.0,-219592682,-42011236,(22) 998791525,
2268051,Hospital Municipal Dr. João Pereira Martins,Sumidoro,REGIÃO SERRANA,"R. Carlos Alberto de Moura Júnior, 2 - Centro, Sumidouro - RJ, 28637-000",2.0,-220494369,-426768381,(22) 25311164,
3584968,Hospital Francisco Limongi,Trajano de Moraes,REGIÃO SERRANA,"R. Dr. Ney Fortuna, 30 - Cruzeiro, Trajano de Moraes - RJ, 28750-000",2.0,-220670165,-42061635,(22) 25641102,
